estrategia,semilla,resultado,victoria,victimas_rescatadas,victimas_perdidas,victimas_reveladas,falsas_alarmas,danio_estructural,turnos,derribos,replanificaciones,celdas_recorridas,ap_gastados,ap_desperdiciados,fuegos_apagados,humos_apagados,paredes_cortadas,fuegos_al_final,tiempo_ms
aleatoria,0,derrota_colapso,0,1,1,1,3,24,24,33,0,36,100,0,16,1,14,16,6.34
aleatoria,1,derrota_colapso,0,1,0,1,2,24,21,35,0,25,88,0,15,0,14,18,3.67
aleatoria,2,derrota_colapso,0,0,1,2,3,24,26,7,0,58,108,0,8,5,12,22,5.95
aleatoria,3,derrota_colapso,0,0,0,0,1,24,15,10,0,22,64,0,10,1,10,16,3.25
aleatoria,4,derrota_colapso,0,0,0,0,1,24,17,29,0,26,72,0,7,0,16,17,3.45
aleatoria,5,derrota_colapso,0,0,0,1,2,24,21,34,0,35,86,0,8,1,16,18,4.46
aleatoria,6,derrota_colapso,0,0,1,0,1,24,28,19,0,42,116,0,13,6,20,14,5.52
aleatoria,7,derrota_colapso,0,0,1,0,1,24,18,34,0,25,76,0,12,2,14,17,3.57
aleatoria,8,derrota_colapso,0,0,1,2,1,24,14,12,0,22,60,0,9,0,11,19,2.69
aleatoria,9,derrota_colapso,0,0,0,0,2,24,18,39,0,34,76,0,10,2,7,18,3.54
aleatoria,10,derrota_colapso,0,0,2,0,2,24,18,13,0,31,76,0,7,2,13,17,3.92
aleatoria,11,derrota_colapso,0,0,0,2,2,24,27,4,0,40,112,0,10,7,21,7,4.72
aleatoria,12,derrota_colapso,0,0,2,2,1,24,31,20,0,67,128,0,14,3,11,19,4.83
aleatoria,13,derrota_colapso,0,0,0,0,2,24,17,20,0,33,72,0,12,2,8,15,2.62
aleatoria,14,derrota_colapso,0,0,0,0,1,24,17,12,0,30,72,0,6,2,14,18,2.55
aleatoria,15,derrota_colapso,0,0,0,0,1,24,23,29,0,36,94,0,14,0,14,13,3.26
aleatoria,16,derrota_colapso,0,0,0,1,1,24,16,8,0,22,67,0,9,3,11,17,2.39
aleatoria,17,derrota_colapso,0,0,0,1,1,24,21,24,0,31,88,0,10,5,15,15,3.08
aleatoria,18,derrota_colapso,0,0,2,0,1,24,29,24,0,52,120,0,14,4,15,19,4.29
aleatoria,19,derrota_colapso,0,0,1,0,0,24,20,9,0,35,84,0,13,3,9,19,3.05
aleatoria,20,derrota_colapso,0,0,1,0,1,24,19,24,0,29,80,0,10,3,13,19,2.8
aleatoria,21,derrota_colapso,0,0,0,0,2,24,21,35,0,33,88,0,10,2,15,19,2.78
aleatoria,22,derrota_colapso,0,0,0,1,1,24,13,19,0,18,56,0,5,0,11,20,1.95
aleatoria,23,derrota_colapso,0,0,1,0,1,24,31,27,0,53,128,0,19,4,14,21,4.5
aleatoria,24,derrota_colapso,0,0,1,1,2,24,29,14,0,59,120,0,15,1,13,14,4.22
aleatoria,25,derrota_colapso,0,0,0,2,1,24,23,31,0,34,96,0,14,2,16,16,3.66
aleatoria,26,derrota_colapso,0,0,0,2,4,24,18,6,0,32,76,0,8,5,10,13,2.67
aleatoria,27,derrota_colapso,0,0,0,0,1,24,18,14,0,35,76,0,5,1,13,17,2.66
aleatoria,28,derrota_colapso,0,0,1,0,1,24,27,21,0,63,112,0,12,2,11,23,4.57
aleatoria,29,derrota_colapso,0,0,1,1,1,24,21,20,0,39,88,0,7,2,15,19,3.16
aleatoria,30,derrota_colapso,0,0,3,1,2,24,22,7,0,38,92,0,13,3,11,19,3.14
aleatoria,31,derrota_colapso,0,0,1,0,1,24,19,8,0,30,80,0,7,4,15,17,2.96
aleatoria,32,derrota_colapso,0,1,2,3,1,24,26,23,0,49,108,0,13,5,13,9,4.13
aleatoria,33,derrota_colapso,0,0,1,0,1,24,26,26,0,49,108,0,15,3,11,22,3.77
aleatoria,34,derrota_colapso,0,0,0,0,1,24,26,13,0,41,108,0,12,3,18,18,3.97
aleatoria,35,derrota_colapso,0,0,0,0,2,24,21,35,0,29,88,0,13,1,13,20,2.99
aleatoria,36,derrota_colapso,0,0,2,0,2,24,44,35,0,86,180,0,22,8,16,24,6.33
aleatoria,37,derrota_colapso,0,0,1,1,1,24,27,25,0,45,112,0,21,1,12,23,4.28
aleatoria,38,derrota_colapso,0,0,0,0,1,24,10,16,0,14,44,0,4,0,10,18,8.49
aleatoria,39,derrota_colapso,0,0,2,0,1,24,17,24,0,22,72,0,13,0,13,20,2.8
aleatoria,40,derrota_colapso,0,0,0,0,1,24,15,29,0,16,64,0,11,0,12,20,2.1
aleatoria,41,derrota_colapso,0,0,0,0,2,24,22,10,0,38,92,0,6,3,17,15,3.42
aleatoria,42,derrota_colapso,0,0,0,0,0,24,18,25,0,30,76,0,11,2,11,14,2.64
aleatoria,43,derrota_colapso,0,0,0,0,0,24,22,4,0,41,92,0,11,1,13,12,3.42
aleatoria,44,derrota_colapso,0,0,0,1,1,24,15,23,0,24,64,0,8,1,9,22,2.61
aleatoria,45,derrota_colapso,0,0,0,0,1,24,26,22,0,43,108,0,13,3,13,17,4.11
aleatoria,46,derrota_colapso,0,0,0,0,1,24,16,27,0,27,68,0,8,2,11,24,3.12
aleatoria,47,derrota_colapso,0,0,0,0,1,24,19,17,0,36,80,0,10,2,11,19,3.45
aleatoria,48,derrota_colapso,0,0,0,1,1,24,19,28,0,35,80,0,12,0,9,24,3.55
aleatoria,49,derrota_colapso,0,0,0,0,2,24,20,19,0,28,84,0,15,2,9,23,3.43
aleatoria,50,derrota_colapso,0,0,0,0,0,24,10,23,0,11,44,0,5,0,11,21,2.15
aleatoria,51,derrota_colapso,0,0,0,0,0,24,16,42,0,20,68,0,10,3,12,18,3.05
aleatoria,52,derrota_colapso,0,0,0,2,1,24,23,26,0,35,94,0,13,2,14,16,4.51
aleatoria,53,derrota_colapso,0,0,1,0,1,24,25,24,0,48,104,0,14,4,10,24,4.18
aleatoria,54,derrota_colapso,0,0,0,0,2,24,19,19,0,32,80,0,15,2,8,24,3.4
aleatoria,55,derrota_colapso,0,0,0,0,1,24,21,13,0,40,88,0,14,2,11,20,3.89
aleatoria,56,derrota_colapso,0,0,0,0,1,24,9,27,0,13,40,0,5,0,10,20,1.79
aleatoria,57,derrota_colapso,0,0,0,0,1,24,22,18,0,31,92,0,13,4,14,21,3.79
aleatoria,58,derrota_colapso,0,0,1,1,1,24,23,19,0,45,96,0,12,2,12,21,3.72
aleatoria,59,derrota_colapso,0,0,0,1,1,24,18,9,0,32,76,0,8,0,12,16,2.7
aleatoria,60,derrota_colapso,0,0,1,0,2,24,24,22,0,30,100,0,17,3,16,9,3.25
aleatoria,61,derrota_colapso,0,0,0,0,2,24,18,32,0,24,76,0,11,0,13,19,2.85
aleatoria,62,derrota_colapso,0,0,0,2,3,24,20,20,0,33,84,0,11,1,13,21,3.04
aleatoria,63,derrota_colapso,0,0,1,1,3,24,18,18,0,28,76,0,6,0,17,20,2.53
aleatoria,64,derrota_colapso,0,0,0,0,0,24,18,17,0,30,76,0,13,2,8,16,2.53
aleatoria,65,derrota_colapso,0,0,1,0,1,24,20,5,0,34,84,0,7,7,14,11,3.33
aleatoria,66,derrota_colapso,0,0,1,0,1,24,20,36,0,30,84,0,10,2,14,22,3.0
aleatoria,67,derrota_colapso,0,0,0,0,1,24,14,8,0,25,60,0,6,0,10,18,2.26
aleatoria,68,derrota_colapso,0,0,1,2,1,24,22,7,0,39,92,0,13,2,14,14,3.17
aleatoria,69,derrota_colapso,0,0,0,0,1,24,19,35,0,31,80,0,10,1,12,22,3.08
aleatoria,70,derrota_colapso,0,0,0,0,1,24,23,44,0,37,96,0,15,2,11,22,3.72
aleatoria,71,derrota_colapso,0,0,2,1,2,24,25,22,0,48,104,0,10,4,15,23,3.9
aleatoria,72,derrota_colapso,0,0,0,0,1,24,15,22,0,19,64,0,10,0,13,19,2.93
aleatoria,73,derrota_colapso,0,0,2,0,4,24,23,11,0,41,96,0,16,2,11,20,3.83
aleatoria,74,derrota_colapso,0,0,1,1,2,24,21,15,0,32,88,0,13,1,14,14,4.57
aleatoria,75,derrota_colapso,0,0,1,1,0,24,23,6,0,39,96,0,12,5,15,19,4.65
aleatoria,76,derrota_colapso,0,0,0,1,1,24,13,19,0,22,56,0,9,1,6,15,2.92
aleatoria,77,derrota_colapso,0,0,0,0,1,24,32,22,0,51,132,0,20,2,19,23,6.3
aleatoria,78,derrota_colapso,0,0,0,0,0,24,19,20,0,32,80,0,8,4,12,15,3.72
aleatoria,79,derrota_colapso,0,1,0,1,1,24,27,22,0,50,112,0,12,2,16,20,5.29
aleatoria,80,derrota_colapso,0,0,0,0,1,24,16,26,0,23,68,0,11,0,10,24,3.24
aleatoria,81,derrota_colapso,0,0,2,1,1,24,20,12,0,35,84,0,9,3,13,19,3.99
aleatoria,82,derrota_colapso,0,0,0,1,1,24,20,27,0,33,84,0,12,2,11,18,3.62
aleatoria,83,derrota_colapso,0,1,2,2,2,24,23,21,0,38,96,0,14,1,12,24,3.64
aleatoria,84,derrota_colapso,0,0,0,0,0,24,19,32,0,28,80,0,11,5,12,14,3.0
aleatoria,85,derrota_colapso,0,0,0,0,0,24,13,19,0,17,56,0,8,1,10,19,2.16
aleatoria,86,derrota_colapso,0,0,0,1,1,24,26,6,0,50,108,0,11,5,14,24,3.73
aleatoria,87,derrota_colapso,0,0,0,0,2,24,22,11,0,47,92,0,11,3,10,16,3.29
aleatoria,88,derrota_colapso,0,0,0,0,1,24,20,18,0,29,84,0,15,2,12,16,2.89
aleatoria,89,derrota_colapso,0,0,1,0,2,24,20,19,0,39,84,0,8,4,12,16,3.15
aleatoria,90,derrota_colapso,0,0,0,0,2,24,22,27,0,34,92,0,12,3,15,20,3.25
aleatoria,91,derrota_colapso,0,0,0,0,1,24,26,8,0,57,108,0,11,2,12,17,4.21
aleatoria,92,derrota_colapso,0,0,2,1,2,24,29,18,0,56,120,0,14,5,11,17,4.07
aleatoria,93,derrota_colapso,0,0,2,1,3,24,28,24,0,57,116,0,13,5,12,19,4.65
aleatoria,94,derrota_colapso,0,0,1,2,2,24,23,20,0,37,96,0,13,2,14,22,3.78
aleatoria,95,derrota_colapso,0,0,0,1,1,24,13,22,0,21,55,0,6,0,10,21,1.89
aleatoria,96,derrota_colapso,0,0,0,2,1,24,16,24,0,24,67,0,7,1,11,17,2.39
aleatoria,97,derrota_colapso,0,0,0,0,1,24,12,26,0,15,52,0,9,0,9,20,1.88
aleatoria,98,derrota_colapso,0,0,0,0,1,24,18,33,0,24,76,0,14,1,9,22,3.16
aleatoria,99,derrota_colapso,0,0,0,0,2,24,19,28,0,30,80,0,9,0,16,17,3.09
